[{"model": "admin.logentry", "pk": 1, "fields": {"action_time": "2024-08-11T15:26:57.243Z", "user": 1, "content_type": 7, "object_id": "1", "object_repr": "Bột", "action_flag": 1, "change_message": "[{\"added\": {}}]"}}, {"model": "admin.logentry", "pk": 2, "fields": {"action_time": "2024-08-11T15:28:04.416Z", "user": 1, "content_type": 7, "object_id": "2", "object_repr": "Set trà", "action_flag": 1, "change_message": "[{\"added\": {}}]"}}, {"model": "admin.logentry", "pk": 3, "fields": {"action_time": "2024-08-11T15:28:56.746Z", "user": 1, "content_type": 7, "object_id": "3", "object_repr": "Trà hoa", "action_flag": 1, "change_message": "[{\"added\": {}}]"}}, {"model": "admin.logentry", "pk": 4, "fields": {"action_time": "2024-08-11T15:29:41.676Z", "user": 1, "content_type": 7, "object_id": "4", "object_repr": "Trà củ, quả sấy", "action_flag": 1, "change_message": "[{\"added\": {}}]"}}, {"model": "admin.logentry", "pk": 5, "fields": {"action_time": "2024-08-11T15:30:40.072Z", "user": 1, "content_type": 8, "object_id": "1", "object_repr": "Bột cần tây", "action_flag": 1, "change_message": "[{\"added\": {}}]"}}, {"model": "admin.logentry", "pk": 6, "fields": {"action_time": "2024-08-11T15:32:54.820Z", "user": 1, "content_type": 8, "object_id": "2", "object_repr": "Set 10 gói trà hoa cúc trắng", "action_flag": 1, "change_message": "[{\"added\": {}}]"}}, {"model": "admin.logentry", "pk": 7, "fields": {"action_time": "2024-08-11T15:33:46.403Z", "user": 1, "content_type": 8, "object_id": "3", "object_repr": "Trà hoa Atiso", "action_flag": 1, "change_message": "[{\"added\": {}}]"}}, {"model": "admin.logentry", "pk": 8, "fields": {"action_time": "2024-08-11T15:34:54.103Z", "user": 1, "content_type": 8, "object_id": "4", "object_repr": "Trà gừng", "action_flag": 1, "change_message": "[{\"added\": {}}]"}}, {"model": "admin.logentry", "pk": 9, "fields": {"action_time": "2024-08-11T15:35:41.335Z", "user": 1, "content_type": 9, "object_id": "1", "object_repr": "Lê Vũ Tâm", "action_flag": 1, "change_message": "[{\"added\": {}}]"}}, {"model": "admin.logentry", "pk": 10, "fields": {"action_time": "2024-08-11T15:35:59.060Z", "user": 1, "content_type": 9, "object_id": "2", "object_repr": "Phạm Công Bình", "action_flag": 1, "change_message": "[{\"added\": {}}]"}}, {"model": "admin.logentry", "pk": 11, "fields": {"action_time": "2024-08-11T15:37:01.352Z", "user": 1, "content_type": 10, "object_id": "1", "object_repr": "Lê Vũ Tâm,Bột, Bột cần tây, 40000.0", "action_flag": 1, "change_message": "[{\"added\": {}}]"}}, {"model": "admin.logentry", "pk": 12, "fields": {"action_time": "2024-08-11T15:37:39.846Z", "user": 1, "content_type": 10, "object_id": "2", "object_repr": "Lê Vũ Tâm,Set trà, Set 10 gói trà hoa cúc trắng, 150000.0", "action_flag": 1, "change_message": "[{\"added\": {}}]"}}, {"model": "admin.logentry", "pk": 13, "fields": {"action_time": "2024-08-11T15:38:00.249Z", "user": 1, "content_type": 10, "object_id": "3", "object_repr": "Lê Vũ Tâm,Trà hoa, Trà hoa Atiso, 50000.0", "action_flag": 1, "change_message": "[{\"added\": {}}]"}}, {"model": "admin.logentry", "pk": 14, "fields": {"action_time": "2024-08-11T15:38:28.858Z", "user": 1, "content_type": 10, "object_id": "4", "object_repr": "Lê Vũ Tâm,Trà củ, quả sấy, Trà gừng, -60000.0", "action_flag": 1, "change_message": "[{\"added\": {}}]"}}, {"model": "admin.logentry", "pk": 15, "fields": {"action_time": "2024-08-11T15:38:38.766Z", "user": 1, "content_type": 10, "object_id": "4", "object_repr": "Lê Vũ Tâm,Trà củ, quả sấy, Trà gừng, 30000.0", "action_flag": 2, "change_message": "[{\"changed\": {\"fields\": [\"Count\"]}}]"}}, {"model": "admin.logentry", "pk": 16, "fields": {"action_time": "2024-08-11T15:39:12.898Z", "user": 1, "content_type": 10, "object_id": "5", "object_repr": "Phạm Công Bình,Bột, Bột cần tây, 40000.0", "action_flag": 1, "change_message": "[{\"added\": {}}]"}}, {"model": "admin.logentry", "pk": 17, "fields": {"action_time": "2024-08-11T15:39:34.290Z", "user": 1, "content_type": 10, "object_id": "6", "object_repr": "Phạm Công Bình,Set trà, Set 10 gói trà hoa cúc trắng, 150000.0", "action_flag": 1, "change_message": "[{\"added\": {}}]"}}, {"model": "admin.logentry", "pk": 18, "fields": {"action_time": "2024-08-11T15:40:11.235Z", "user": 1, "content_type": 10, "object_id": "7", "object_repr": "Phạm Công Bình,Trà củ, quả sấy, Trà gừng, 30000.0", "action_flag": 1, "change_message": "[{\"added\": {}}]"}}, {"model": "admin.logentry", "pk": 19, "fields": {"action_time": "2024-08-11T15:41:45.314Z", "user": 1, "content_type": 10, "object_id": "7", "object_repr": "Phạm Công Bình,Trà củ, quả sấy, Trà gừng, 60000.0", "action_flag": 2, "change_message": "[{\"changed\": {\"fields\": [\"Count\"]}}]"}}, {"model": "admin.logentry", "pk": 20, "fields": {"action_time": "2024-08-12T01:29:07.429Z", "user": 1, "content_type": 9, "object_id": "2", "object_repr": "Phạm Công Bình", "action_flag": 2, "change_message": "[{\"changed\": {\"fields\": [\"Categories\", \"Products\"]}}]"}}, {"model": "admin.logentry", "pk": 21, "fields": {"action_time": "2024-08-12T01:29:29.483Z", "user": 1, "content_type": 9, "object_id": "2", "object_repr": "Phạm Công Bình", "action_flag": 2, "change_message": "[{\"changed\": {\"fields\": [\"Categories\", \"Products\"]}}]"}}, {"model": "admin.logentry", "pk": 22, "fields": {"action_time": "2024-08-12T01:29:42.532Z", "user": 1, "content_type": 9, "object_id": "1", "object_repr": "Lê Vũ Tâm", "action_flag": 2, "change_message": "[{\"changed\": {\"fields\": [\"Categories\", \"Products\"]}}]"}}, {"model": "admin.logentry", "pk": 23, "fields": {"action_time": "2024-08-12T01:29:47.884Z", "user": 1, "content_type": 9, "object_id": "2", "object_repr": "Phạm Công Bình", "action_flag": 2, "change_message": "[]"}}, {"model": "admin.logentry", "pk": 24, "fields": {"action_time": "2024-08-13T17:54:37.490Z", "user": 1, "content_type": 7, "object_id": "5", "object_repr": "Trà mix", "action_flag": 1, "change_message": "[{\"added\": {}}]"}}, {"model": "auth.permission", "pk": 1, "fields": {"name": "Can add log entry", "content_type": 1, "codename": "add_logentry"}}, {"model": "auth.permission", "pk": 2, "fields": {"name": "Can change log entry", "content_type": 1, "codename": "change_logentry"}}, {"model": "auth.permission", "pk": 3, "fields": {"name": "Can delete log entry", "content_type": 1, "codename": "delete_logentry"}}, {"model": "auth.permission", "pk": 4, "fields": {"name": "Can view log entry", "content_type": 1, "codename": "view_logentry"}}, {"model": "auth.permission", "pk": 5, "fields": {"name": "Can add permission", "content_type": 2, "codename": "add_permission"}}, {"model": "auth.permission", "pk": 6, "fields": {"name": "Can change permission", "content_type": 2, "codename": "change_permission"}}, {"model": "auth.permission", "pk": 7, "fields": {"name": "Can delete permission", "content_type": 2, "codename": "delete_permission"}}, {"model": "auth.permission", "pk": 8, "fields": {"name": "Can view permission", "content_type": 2, "codename": "view_permission"}}, {"model": "auth.permission", "pk": 9, "fields": {"name": "Can add group", "content_type": 3, "codename": "add_group"}}, {"model": "auth.permission", "pk": 10, "fields": {"name": "Can change group", "content_type": 3, "codename": "change_group"}}, {"model": "auth.permission", "pk": 11, "fields": {"name": "Can delete group", "content_type": 3, "codename": "delete_group"}}, {"model": "auth.permission", "pk": 12, "fields": {"name": "Can view group", "content_type": 3, "codename": "view_group"}}, {"model": "auth.permission", "pk": 13, "fields": {"name": "Can add user", "content_type": 4, "codename": "add_user"}}, {"model": "auth.permission", "pk": 14, "fields": {"name": "Can change user", "content_type": 4, "codename": "change_user"}}, {"model": "auth.permission", "pk": 15, "fields": {"name": "Can delete user", "content_type": 4, "codename": "delete_user"}}, {"model": "auth.permission", "pk": 16, "fields": {"name": "Can view user", "content_type": 4, "codename": "view_user"}}, {"model": "auth.permission", "pk": 17, "fields": {"name": "Can add content type", "content_type": 5, "codename": "add_contenttype"}}, {"model": "auth.permission", "pk": 18, "fields": {"name": "Can change content type", "content_type": 5, "codename": "change_contenttype"}}, {"model": "auth.permission", "pk": 19, "fields": {"name": "Can delete content type", "content_type": 5, "codename": "delete_contenttype"}}, {"model": "auth.permission", "pk": 20, "fields": {"name": "Can view content type", "content_type": 5, "codename": "view_contenttype"}}, {"model": "auth.permission", "pk": 21, "fields": {"name": "Can add session", "content_type": 6, "codename": "add_session"}}, {"model": "auth.permission", "pk": 22, "fields": {"name": "Can change session", "content_type": 6, "codename": "change_session"}}, {"model": "auth.permission", "pk": 23, "fields": {"name": "Can delete session", "content_type": 6, "codename": "delete_session"}}, {"model": "auth.permission", "pk": 24, "fields": {"name": "Can view session", "content_type": 6, "codename": "view_session"}}, {"model": "auth.permission", "pk": 25, "fields": {"name": "Can add catagory", "content_type": 7, "codename": "add_catagory"}}, {"model": "auth.permission", "pk": 26, "fields": {"name": "Can change catagory", "content_type": 7, "codename": "change_catagory"}}, {"model": "auth.permission", "pk": 27, "fields": {"name": "Can delete catagory", "content_type": 7, "codename": "delete_catagory"}}, {"model": "auth.permission", "pk": 28, "fields": {"name": "Can view catagory", "content_type": 7, "codename": "view_catagory"}}, {"model": "auth.permission", "pk": 29, "fields": {"name": "Can add product", "content_type": 8, "codename": "add_product"}}, {"model": "auth.permission", "pk": 30, "fields": {"name": "Can change product", "content_type": 8, "codename": "change_product"}}, {"model": "auth.permission", "pk": 31, "fields": {"name": "Can delete product", "content_type": 8, "codename": "delete_product"}}, {"model": "auth.permission", "pk": 32, "fields": {"name": "Can view product", "content_type": 8, "codename": "view_product"}}, {"model": "auth.permission", "pk": 33, "fields": {"name": "Can add customer", "content_type": 9, "codename": "add_customer"}}, {"model": "auth.permission", "pk": 34, "fields": {"name": "Can change customer", "content_type": 9, "codename": "change_customer"}}, {"model": "auth.permission", "pk": 35, "fields": {"name": "Can delete customer", "content_type": 9, "codename": "delete_customer"}}, {"model": "auth.permission", "pk": 36, "fields": {"name": "Can view customer", "content_type": 9, "codename": "view_customer"}}, {"model": "auth.permission", "pk": 37, "fields": {"name": "Can add order", "content_type": 10, "codename": "add_order"}}, {"model": "auth.permission", "pk": 38, "fields": {"name": "Can change order", "content_type": 10, "codename": "change_order"}}, {"model": "auth.permission", "pk": 39, "fields": {"name": "Can delete order", "content_type": 10, "codename": "delete_order"}}, {"model": "auth.permission", "pk": 40, "fields": {"name": "Can view order", "content_type": 10, "codename": "view_order"}}, {"model": "auth.user", "pk": 1, "fields": {"password": "pbkdf2_sha256$870000$urMQE9HiOiaRMhu4hck6XA$FzLyWsZQqt7cldjJGkSps0IszYgDvLdZWtexcBFKE7s=", "last_login": "2024-08-14T04:07:38.751Z", "is_superuser": true, "username": "Thaovy", "first_name": "", "last_name": "", "email": "thaovytran809@gmail.com", "is_staff": true, "is_active": true, "date_joined": "2024-08-11T15:21:09.338Z", "groups": [], "user_permissions": []}}, {"model": "contenttypes.contenttype", "pk": 1, "fields": {"app_label": "admin", "model": "logentry"}}, {"model": "contenttypes.contenttype", "pk": 2, "fields": {"app_label": "auth", "model": "permission"}}, {"model": "contenttypes.contenttype", "pk": 3, "fields": {"app_label": "auth", "model": "group"}}, {"model": "contenttypes.contenttype", "pk": 4, "fields": {"app_label": "auth", "model": "user"}}, {"model": "contenttypes.contenttype", "pk": 5, "fields": {"app_label": "contenttypes", "model": "contenttype"}}, {"model": "contenttypes.contenttype", "pk": 6, "fields": {"app_label": "sessions", "model": "session"}}, {"model": "contenttypes.contenttype", "pk": 7, "fields": {"app_label": "catalog", "model": "catagory"}}, {"model": "contenttypes.contenttype", "pk": 8, "fields": {"app_label": "catalog", "model": "product"}}, {"model": "contenttypes.contenttype", "pk": 9, "fields": {"app_label": "catalog", "model": "customer"}}, {"model": "contenttypes.contenttype", "pk": 10, "fields": {"app_label": "catalog", "model": "order"}}, {"model": "sessions.session", "pk": "qo8g01uv0fn3gssu5wox2uh0ci5u8d8y", "fields": {"session_data": ".eJxVjDsOwyAQBe9CHSEWMJ-U6X0GtHghOIlAMnYV5e6xJRdJOzPvvVnAbS1h62kJM7ErA3b5ZRGnZ6qHoAfWe-NTq-syR34k_LSdj43S63a2fwcFe9nX2bgIcQAtLEQJaJy31gqPSkvvd4BKWDdkzEhSG4SkJWG2pEgQRM8-X7tTN2M:1se5IQ:MGF_LN2oxZ-NKBV0um_SBvUjCzQLnimsGkH8YLY9lec", "expire_date": "2024-08-28T04:07:38.758Z"}}, {"model": "catalog.catagory", "pk": 1, "fields": {"c_name": "Bột", "c_image": "images/bot.jpg"}}, {"model": "catalog.catagory", "pk": 2, "fields": {"c_name": "Set trà", "c_image": "images/settra.png"}}, {"model": "catalog.catagory", "pk": 3, "fields": {"c_name": "Trà hoa", "c_image": "images/trahoa.jpg"}}, {"model": "catalog.catagory", "pk": 4, "fields": {"c_name": "Trà củ, quả sấy", "c_image": "images/tra-trai-cay-say.jpg"}}, {"model": "catalog.catagory", "pk": 11, "fields": {"c_name": "Trà mix", "c_image": "images/tramix.jpeg"}}, {"model": "catalog.catagory", "pk": 14, "fields": {"c_name": "aa", "c_image": "images/settra_qukr3Fq.png"}}, {"model": "catalog.product", "pk": 1, "fields": {"p_name": "Bột cần tây", "price": 40000.0, "p_image": "images/botcantay.png", "catagory": 1}}, {"model": "catalog.product", "pk": 2, "fields": {"p_name": "Set 10 gói trà hoa cúc trắng", "price": 150000.0, "p_image": "images/tra_hoa_cuc_trang.jpg", "catagory": 2}}, {"model": "catalog.product", "pk": 3, "fields": {"p_name": "Trà hoa Atiso", "price": 50000.0, "p_image": "images/tra_atiso.jpg", "catagory": 3}}, {"model": "catalog.product", "pk": 4, "fields": {"p_name": "Trà gừng", "price": 30000.0, "p_image": "images/tra_gung.jpeg", "catagory": 4}}, {"model": "catalog.product", "pk": 14, "fields": {"p_name": "Cam lát", "price": 45000.0, "p_image": "", "catagory": null}}, {"model": "catalog.product", "pk": 15, "fields": {"p_name": "Trà gạo lứt 8 vị", "price": 18000.0, "p_image": "images/tragaolucjpg.jpg", "catagory": 11}}, {"model": "catalog.product", "pk": 16, "fields": {"p_name": "Trà hoa cúc trắng", "price": 80000.0, "p_image": "", "catagory": null}}, {"model": "catalog.product", "pk": 17, "fields": {"p_name": "Trà nhuỵ hoa nghệ tây", "price": 180000.0, "p_image": "", "catagory": null}}, {"model": "catalog.product", "pk": 19, "fields": {"p_name": "bbb", "price": 20000.0, "p_image": "images/tracuqua_hvAcuf1.jpg", "catagory": 14}}, {"model": "catalog.customer", "pk": 1, "fields": {"cus_name": "Lê Vũ Tâm", "pkkh": "Nhân viên văn phòng, chủ doanh nghiệp (36-45 tuổi) có mức thu nhập cao, thường xuyên tìm hiểu và quan tâm đến sức khoẻ", "created_date": "2024-08-11T19:36:59Z", "categories": [1, 2, 3], "products": [1, 2, 3]}}, {"model": "catalog.customer", "pk": 2, "fields": {"cus_name": "Phạm Công Bình", "pkkh": "Nhân viên văn phòng, Freelancer ở Miền Bắc (25-35 tuổi) có nhu cầu chăm sóc sức khỏe và quan tâm đến các sản phẩm về trà", "created_date": "2024-08-11T19:36:59Z", "categories": [1, 2, 4], "products": [1, 2, 4]}}, {"model": "catalog.customer", "pk": 12, "fields": {"cus_name": "Phạm Văn Linh", "pkkh": null, "created_date": "2024-08-14T04:08:39.219Z", "categories": [], "products": []}}, {"model": "catalog.customer", "pk": 13, "fields": {"cus_name": "Thái Kim Triều", "pkkh": null, "created_date": "2024-08-14T04:08:39.267Z", "categories": [], "products": []}}, {"model": "catalog.customer", "pk": 14, "fields": {"cus_name": "Huỳnh Minh Trung", "pkkh": null, "created_date": "2024-08-14T04:08:39.317Z", "categories": [], "products": []}}, {"model": "catalog.customer", "pk": 15, "fields": {"cus_name": "Bùi Ngọc Tài", "pkkh": null, "created_date": "2024-08-14T04:08:39.356Z", "categories": [], "products": []}}, {"model": "catalog.customer", "pk": 16, "fields": {"cus_name": "vy", "pkkh": "  A1", "created_date": "2024-08-14T00:00:00Z", "categories": [2, 3], "products": [1, 4]}}, {"model": "catalog.order", "pk": 1, "fields": {"customer": 1, "catagory": 1, "product": 1, "count": 1, "total": 40000.0, "created_date": "2022-01-01T08:01:09Z"}}, {"model": "catalog.order", "pk": 2, "fields": {"customer": 1, "catagory": 2, "product": 2, "count": 1, "total": 150000.0, "created_date": "2022-01-01T08:01:09Z"}}, {"model": "catalog.order", "pk": 3, "fields": {"customer": 1, "catagory": 3, "product": 3, "count": 1, "total": 50000.0, "created_date": "2022-01-01T08:01:09Z"}}, {"model": "catalog.order", "pk": 4, "fields": {"customer": 1, "catagory": 4, "product": 4, "count": 1, "total": 30000.0, "created_date": "2022-01-01T08:01:09Z"}}, {"model": "catalog.order", "pk": 5, "fields": {"customer": 2, "catagory": 1, "product": 1, "count": 1, "total": 40000.0, "created_date": "2022-01-01T08:18:12Z"}}, {"model": "catalog.order", "pk": 6, "fields": {"customer": 2, "catagory": 2, "product": 2, "count": 1, "total": 150000.0, "created_date": "2022-01-01T08:18:12Z"}}, {"model": "catalog.order", "pk": 7, "fields": {"customer": 2, "catagory": 4, "product": 4, "count": 2, "total": 60000.0, "created_date": "2022-01-01T08:18:12Z"}}, {"model": "catalog.order", "pk": 31, "fields": {"customer": 12, "catagory": 4, "product": 4, "count": 1, "total": 30000.0, "created_date": "2022-01-01T08:25:07Z"}}, {"model": "catalog.order", "pk": 32, "fields": {"customer": 12, "catagory": 4, "product": 14, "count": 1, "total": 45000.0, "created_date": "2022-01-01T08:25:07Z"}}, {"model": "catalog.order", "pk": 33, "fields": {"customer": 13, "catagory": 11, "product": 15, "count": 1, "total": 18000.0, "created_date": "2022-01-01T08:35:51Z"}}, {"model": "catalog.order", "pk": 34, "fields": {"customer": 13, "catagory": 4, "product": 14, "count": 1, "total": 45000.0, "created_date": "2022-01-01T08:35:51Z"}}, {"model": "catalog.order", "pk": 35, "fields": {"customer": 14, "catagory": 3, "product": 16, "count": 1, "total": 80000.0, "created_date": "2022-01-01T08:45:18Z"}}, {"model": "catalog.order", "pk": 36, "fields": {"customer": 14, "catagory": 3, "product": 17, "count": 1, "total": 180000.0, "created_date": "2022-01-01T08:45:18Z"}}, {"model": "catalog.order", "pk": 37, "fields": {"customer": 15, "catagory": 1, "product": 1, "count": 1, "total": 40000.0, "created_date": "2022-01-01T09:03:05Z"}}, {"model": "catalog.order", "pk": 38, "fields": {"customer": 1, "catagory": 3, "product": 3, "count": 1, "total": 50000.0, "created_date": "2024-08-24T00:00:00Z"}}, {"model": "catalog.order", "pk": 39, "fields": {"customer": 16, "catagory": 1, "product": 19, "count": 2, "total": 40000.0, "created_date": "2024-08-14T00:00:00Z"}}, {"model": "catalog.order", "pk": 40, "fields": {"customer": 16, "catagory": 1, "product": 1, "count": 3, "total": 120000.0, "created_date": "2024-08-22T00:00:00Z"}}]